Symbol,Trade Type,Entry DateTime,Exit DateTime,Entry Price,Exit Price,Trade Quantity,Max Open Quantity,Max Closed Quantity,Profit/Loss (C),Cumulative Profit/Loss (C),FlatToFlat Profit/Loss (C),FlatToFlat Max Open Profit (C),FlatToFlat Max Open Loss (C),Max Open Profit (C),Max Open Loss (C),Entry Efficiency,Exit Efficiency,Total Efficiency,Commission (C),High Price While Open,Low Price While Open,Note,Open Position Quantity,Close Position Quantity,Duration
[Sim]F.US.MESH23 (Sim1),Long,2023-01-10  15:36:53.001 BP,2023-01-10  15:36:59.290 EP,3924.00,3921.50,1,1,1,-13.50,-13.50,-13.50 F,0.00,-12.50,0.00,-12.50,100.0%,-8.0%,-108.0%,1.00,3924.00,3921.50,,1,0,00:00:06
[Sim]F.US.MESH23,Long,2023-01-10  15:37:26.571 BP,2023-01-10  15:39:15.051 EP,3921.75,3919.25,1,1,1,-13.50,-27.00,-13.50 F,16.25,-13.75,16.25,-13.75,100.0%,0.8%,-45.0%,1.00,3925.00,3919.00,,1,0,00:01:48
[Sim]F.US.MESH23,Short,2023-01-10  15:40:53.237 BP,2023-01-10  15:42:27.799 EP,3921.75,3916.75,1,1,1,24.00,-3.00,24.00 F,35.00,0.00,35.00,0.00,100.0%,68.6%,68.6%,1.00,3921.75,3914.75,,1,0,00:01:34
[Sim]F.US.MESH23,Short,2023-01-10  15:50:47.381 BP,2023-01-10  15:52:42.708 EP,3912.25,3906.50,1,1,1,27.75,24.75,27.75 F,35.00,-6.25,35.00,-6.25,100.0%,82.4%,67.3%,1.00,3913.50,3905.25,,1,0,00:01:55
[Sim]F.US.MESH23,Short,2023-01-10  16:08:29.416 BP,2023-01-10  16:10:37.698 EP,3920.75,3919.00,1,1,1,7.75,32.50,7.75 F,15.00,-10.00,15.00,-10.00,100.0%,71.0%,31.0%,1.00,3922.75,3917.75,,1,0,00:02:08
[Sim]F.US.MESH23,Long,2023-01-11  15:45:40.580 BP,2023-01-11  15:47:10.912 EP,3963.50,3962.50,1,1,1,-6.00,26.50,-6.00 F,6.25,-8.75,6.25,-8.75,100.0%,18.3%,-40.0%,1.00,3964.75,3961.75,,1,0,00:01:30
[Sim]F.US.MESH23,Short,2023-01-11  15:54:53.783 BP,2023-01-11  15:55:26.540 EP,3957.25,3959.25,1,1,1,-11.00,15.50,-11.00 F,0.00,-10.00,0.00,-10.00,100.0%,-10.0%,-110.0%,1.00,3959.25,3957.25,,1,0,00:00:32
[Sim]F.US.MESH23,Short,2023-01-11  15:55:53.982 BP,2023-01-11  15:56:31.739 EP,3957.25,3959.75,1,1,1,-13.50,2.00,-13.50 F,0.00,-12.50,0.00,-12.50,100.0%,-8.0%,-108.0%,1.00,3959.75,3957.25,,1,0,00:00:37
[Sim]F.US.MESH23,Short,2023-01-11  15:57:21.956 BP,2023-01-11  15:58:52.127 EP,3959.25,3956.00,1,1,1,15.25,17.25,15.25 F,21.25,-3.75,21.25,-3.75,100.0%,76.0%,61.0%,1.00,3960.00,3955.00,,1,0,00:01:30
[Sim]F.US.MESH23,Short,2023-01-11  16:06:15.647 BP,2023-01-11  16:08:06.263 EP,3960.25,3962.75,1,1,1,-13.50,3.75,-13.50 F,10.00,-12.50,10.00,-12.50,100.0%,-4.4%,-60.0%,1.00,3962.75,3958.25,,1,0,00:01:50
[Sim]F.US.MESH23,Short,2023-01-11  16:08:49.751 BP,2023-01-11  16:16:44.944 EP,3962.50,3957.25,1,1,1,25.25,29.00,25.25 F,30.00,-8.75,30.00,-8.75,100.0%,87.7%,65.2%,1.00,3964.25,3956.50,,1,0,00:07:55
[Sim]F.US.MESH23,Short,2023-01-11  16:23:44.730 BP,2023-01-11  16:27:09.372 EP,3961.75,3964.25,1,1,1,-13.50,15.50,-13.50 F,7.50,-12.50,7.50,-12.50,100.0%,-5.0%,-67.5%,1.00,3964.25,3960.25,,1,0,00:03:24
[Sim]F.US.MESH23,Short,2023-01-11  16:36:18.415 BP,2023-01-11  16:36:38.425 EP,3952.75,3955.25,1,1,1,-13.50,2.00,-13.50 F,0.00,-12.50,0.00,-12.50,100.0%,-8.0%,-108.0%,1.00,3955.25,3952.75,,1,0,00:00:20
[Sim]F.US.MESH23,Short,2023-01-11  16:36:52.871 BP,2023-01-11  16:37:45.234 EP,3954.00,3956.50,1,1,1,-13.50,-11.50,-13.50 F,0.00,-13.75,0.00,-13.75,100.0%,1.8%,-98.2%,1.00,3956.75,3954.00,,1,0,00:00:52
[Sim]F.US.MESH23,Long,2023-01-11  16:38:02.074 BP,2023-01-11  16:38:31.718 EP,3956.75,3954.25,1,1,1,-13.50,-25.00,-13.50 F,1.25,-12.50,1.25,-12.50,100.0%,-7.3%,-98.2%,1.00,3957.00,3954.25,,1,0,00:00:29
[Sim]F.US.MESH23,Short,2023-01-11  16:39:08.940 BP,2023-01-11  16:40:20.473 EP,3955.00,3957.50,1,1,1,-13.50,-38.50,-13.50 F,1.25,-12.50,1.25,-12.50,100.0%,-7.3%,-98.2%,1.00,3957.50,3954.75,,1,0,00:01:11
[Sim]F.US.MESH23,Long,2023-01-11  16:40:28.298 BP,2023-01-11  16:44:16.740 EP,3958.00,3955.75,1,1,1,-12.25,-50.75,-12.25 F,1.25,-11.25,1.25,-11.25,100.0%,-8.0%,-98.0%,1.00,3958.25,3955.75,,1,0,00:03:48
[Sim]F.US.MESH23,Long,2023-01-11  16:44:52.876 BP,2023-01-11  16:51:27.714 EP,3958.00,3955.50,1,1,1,-13.50,-64.25,-13.50 F,12.50,-12.50,12.50,-12.50,100.0%,-4.0%,-54.0%,1.00,3960.50,3955.50,,1,0,00:06:34
[Sim]F.US.MESH23,Short,2023-01-11  16:53:19.475 BP,2023-01-11  16:55:10.359 EP,3956.25,3953.75,1,1,1,11.50,-52.75,11.50 F,25.00,-1.25,25.00,-1.25,100.0%,48.6%,43.8%,1.00,3956.50,3951.25,,1,0,00:01:50
[Sim]F.US.MESH23,Long,2023-01-11  16:55:31.596 BP,2023-01-11  16:56:21.091 EP,3952.50,3950.00,1,1,1,-13.50,-66.25,-13.50 F,3.75,-12.50,3.75,-12.50,100.0%,-6.2%,-83.1%,1.00,3953.25,3950.00,,1,0,00:00:49
[Sim]F.US.MESH23,Short,2023-01-11  16:57:06.710 BP,2023-01-11  17:02:42.933 EP,3950.75,3953.25,1,1,1,-13.50,-79.75,-13.50 F,6.25,-12.50,6.25,-12.50,100.0%,-5.3%,-72.0%,1.00,3953.25,3949.50,,1,0,00:05:36
[Sim]F.US.MESH23,Short,2023-01-12  15:33:44.233 BP,2023-01-12  15:34:04.446 EP,3986.75,3989.25,1,1,1,-13.50,-93.25,-13.50 F,3.75,-12.50,3.75,-12.50,100.0%,-6.2%,-83.1%,1.00,3989.25,3986.00,,1,0,00:00:20
[Sim]F.US.MESH23,Short,2023-01-12  15:34:19.616 BP,2023-01-12  15:46:33.498 EP,3985.75,3967.50,1,1,1,90.25,-3.00,90.25 F,116.25,-10.00,116.25,-10.00,100.0%,79.4%,71.5%,1.00,3987.75,3962.50,,1,0,00:12:13
[Sim]F.US.MESH23,Short,2023-01-12  15:49:41.424 BP,2023-01-12  15:50:26.844 EP,3961.00,3963.50,1,1,1,-13.50,-16.50,-13.50 F,6.25,-12.50,6.25,-12.50,100.0%,-5.3%,-72.0%,1.00,3963.50,3959.75,,1,0,00:00:45
[Sim]F.US.MESH23,Short,2023-01-12  15:50:42.254 BP,2023-01-12  15:51:10.262 EP,3960.00,3962.50,1,1,1,-13.50,-30.00,-13.50 F,3.75,-12.50,3.75,-12.50,100.0%,-6.2%,-83.1%,1.00,3962.50,3959.25,,1,0,00:00:28
[Sim]F.US.MESH23,Short,2023-01-12  15:52:05.706 BP,2023-01-12  15:52:17.070 EP,3961.50,3964.00,1,1,1,-13.50,-43.50,-13.50 F,0.00,-12.50,0.00,-12.50,100.0%,-8.0%,-108.0%,1.00,3964.00,3961.50,,1,0,00:00:11
[Sim]F.US.MESH23,Short,2023-01-12  15:52:34.011 BP,2023-01-12  15:56:14.778 EP,3962.00,3964.50,1,1,1,-13.50,-57.00,-13.50 F,23.75,-12.50,23.75,-12.50,100.0%,-2.8%,-37.2%,1.00,3964.50,3957.25,,1,0,00:03:40
[Sim]F.US.MESH23,Short,2023-01-12  15:56:50.672 BP,2023-01-12  15:57:16.089 EP,3963.25,3965.50,1,1,1,-12.25,-69.25,-12.25 F,3.75,-11.25,3.75,-11.25,100.0%,-6.7%,-81.7%,1.00,3965.50,3962.50,,1,0,00:00:25
[Sim]F.US.MESH23,Long,2023-01-12  15:57:22.104 BP,2023-01-12  16:03:19.428 EP,3965.00,3977.25,1,1,1,60.25,-9.00,60.25 F,77.50,0.00,77.50,0.00,100.0%,77.7%,77.7%,1.00,3980.50,3965.00,,1,0,00:05:57
[Sim]F.US.MESH23,Short,2023-01-12  16:13:04.271 BP,2023-01-12  16:15:43.230 EP,3998.25,4000.75,1,1,1,-13.50,-22.50,-13.50 F,22.50,-12.50,22.50,-12.50,100.0%,-2.9%,-38.6%,1.00,4000.75,3993.75,,1,0,00:02:38
[Sim]F.US.MESH23,Short,2023-01-12  16:15:55.638 BP,2023-01-12  16:16:01.905 EP,3998.50,4001.00,1,1,1,-13.50,-36.00,-13.50 F,0.00,-12.50,0.00,-12.50,100.0%,-8.0%,-108.0%,1.00,4001.00,3998.50,,1,0,00:00:06
[Sim]F.US.MESH23,Short,2023-01-12  16:16:09.325 BP,2023-01-12  16:31:03.464 EP,4000.75,3989.75,1,1,1,54.00,18.00,54.00 F,62.50,-8.75,62.50,-8.75,100.0%,88.1%,75.8%,1.00,4002.50,3988.25,,1,0,00:14:54
[Sim]F.US.MESH23,Short,2023-01-12  16:33:28.238 BP,2023-01-12  16:35:08.540 EP,3993.50,3995.50,1,1,1,-11.00,7.00,-11.00 F,12.50,-10.00,12.50,-10.00,100.0%,-4.4%,-48.9%,1.00,3995.50,3991.00,,1,0,00:01:40
[Sim]F.US.MESH23,Short,2023-01-12  16:38:25.953 BP,2023-01-12  16:40:01.977 EP,4000.75,4003.25,1,1,1,-13.50,-6.50,-13.50 F,8.75,-12.50,8.75,-12.50,100.0%,-4.7%,-63.5%,1.00,4003.25,3999.00,,1,0,00:01:36
[Sim]F.US.MESH23,Short,2023-01-12  16:42:43.589 BP,2023-01-12  16:45:02.561 EP,3994.00,3987.50,1,1,1,31.50,25.00,31.50 F,53.75,-7.50,53.75,-7.50,100.0%,63.7%,51.4%,1.00,3995.50,3983.25,,1,0,00:02:18
[Sim]F.US.MESH23,Short,2023-01-12  16:46:08.259 BP,2023-01-12  16:47:05.803 EP,3982.00,3984.50,1,1,1,-13.50,11.50,-13.50 F,12.50,-12.50,12.50,-12.50,100.0%,-4.0%,-54.0%,1.00,3984.50,3979.50,,1,0,00:00:57
[Sim]F.US.MESH23,Short,2023-01-12  16:56:59.873 BP,2023-01-12  16:57:35.995 EP,3994.00,3992.50,1,1,1,6.50,18.00,6.50 F,12.50,-3.75,12.50,-3.75,100.0%,63.1%,40.0%,1.00,3994.75,3991.50,,1,0,00:00:36
[Sim]F.US.MESH23,Short,2023-01-12  17:00:33.903 BP,2023-01-12  17:01:43.756 EP,3982.50,3978.75,1,1,1,17.75,35.75,17.75 F,28.75,-10.00,28.75,-10.00,100.0%,71.6%,45.8%,1.00,3984.50,3976.75,,1,0,00:01:09
[Sim]F.US.MESH23,Long,2023-01-13  15:36:08.547 BP,2023-01-13  15:38:47.608 EP,3971.25,3968.75,1,1,1,-13.50,22.25,-13.50 F,13.75,-12.50,13.75,-12.50,100.0%,-3.8%,-51.4%,1.00,3974.00,3968.75,,1,0,00:02:39
[Sim]F.US.MESH23,Short,2023-01-13  15:39:36.702 BP,2023-01-13  15:40:00.923 EP,3968.50,3970.75,1,1,1,-12.25,10.00,-12.25 F,2.50,-15.00,2.50,-15.00,100.0%,15.7%,-70.0%,1.00,3971.50,3968.00,,1,0,00:00:24
[Sim]F.US.MESH23,Long,2023-01-13  15:40:49.966 BP,2023-01-13  15:41:01.316 EP,3974.50,3972.00,1,1,1,-13.50,-3.50,-13.50 F,0.00,-12.50,0.00,-12.50,100.0%,-8.0%,-108.0%,1.00,3974.50,3972.00,,1,0,00:00:11
[Sim]F.US.MESH23,Short,2023-01-13  15:41:22.953 BP,2023-01-13  15:41:55.335 EP,3971.75,3969.00,1,1,1,12.75,9.25,12.75 F,16.25,-2.50,16.25,-2.50,100.0%,81.3%,68.0%,1.00,3972.25,3968.50,,1,0,00:00:32
[Sim]F.US.MESH23,Long,2023-01-13  15:43:08.658 BP,2023-01-13  15:44:00.859 EP,3969.25,3971.75,1,1,1,11.50,20.75,11.50 F,17.50,-8.75,17.50,-8.75,100.0%,77.1%,43.8%,1.00,3972.75,3967.50,,1,0,00:00:52
[Sim]F.US.MESH23,Short,2023-01-13  15:46:34.887 BP,2023-01-13  15:51:48.647 EP,3975.50,3983.25,1,1,1,-39.75,-19.00,-39.75 F,3.75,-38.75,3.75,-38.75,100.0%,-2.4%,-93.5%,1.00,3983.25,3974.75,,1,0,00:05:13
[Sim]F.US.MESH23,Long,2023-01-13  15:52:30.176 BP,2023-01-13  15:53:12.235 EP,3982.00,3979.75,1,1,1,-12.25,-31.25,-12.25 F,1.25,-11.25,1.25,-11.25,100.0%,-8.0%,-98.0%,1.00,3982.25,3979.75,,1,0,00:00:42
[Sim]F.US.MESH23,Long,2023-01-13  15:54:56.856 BP,2023-01-13  16:00:30.467 EP,3982.25,3985.50,1,1,1,15.25,-16.00,15.25 F,43.75,-32.50,43.75,-32.50,100.0%,62.6%,20.0%,1.00,3991.00,3975.75,,1,0,00:05:33
[Sim]F.US.MESH23,Long,2023-01-13  16:00:33.623 BP,2023-01-13  16:00:39.165 EP,3987.50,3984.75,1,1,1,-14.75,-30.75,-14.75 F,0.00,-13.75,0.00,-13.75,100.0%,-7.3%,-107.3%,1.00,3987.50,3984.75,,1,0,00:00:05
[Sim]F.US.MESH23,Long,2023-01-13  16:01:03.114 BP,2023-01-13  16:01:12.654 EP,3987.25,3985.00,1,1,1,-12.25,-43.00,-12.25 F,6.25,-11.25,6.25,-11.25,100.0%,-5.7%,-70.0%,1.00,3988.50,3985.00,,1,0,00:00:09
[Sim]F.US.MESH23,Short,2023-01-13  16:01:16.098 BP,2023-01-13  16:06:04.868 EP,3983.75,3990.50,1,1,1,-34.75,-77.75,-34.75 F,11.25,-33.75,11.25,-33.75,100.0%,-2.2%,-77.2%,1.00,3990.50,3981.50,,1,0,00:04:48
[Sim]F.US.MESH23,Short,2023-01-13  16:06:22.120 BP,2023-01-13  16:08:44.440 EP,3990.00,3984.50,1,1,1,26.50,-51.25,26.50 F,32.50,0.00,32.50,0.00,100.0%,81.5%,81.5%,1.00,3990.00,3983.50,,1,0,00:02:22
[Sim]F.US.MESH23,Short,2023-01-13  16:12:28.210 BP,2023-01-13  16:24:25.747 EP,3988.75,3997.50,1,1,1,-44.75,-96.00,-44.75 F,7.50,-43.75,7.50,-43.75,100.0%,-2.0%,-87.3%,1.00,3997.50,3987.25,,1,0,00:11:57
[Sim]F.US.MESH23,Long,2023-01-13  16:24:29.313 BP,2023-01-13  16:25:23.899 EP,3997.75,3994.00,1,1,1,-19.75,-115.75,-19.75 F,0.00,-18.75,0.00,-18.75,100.0%,-5.3%,-105.3%,1.00,3997.75,3994.00,,1,0,00:00:54
[Sim]F.US.MESH23,Short,2023-01-13  16:25:27.053 BP,2023-01-13  16:28:01.256 EP,3994.00,3997.25,1,1,1,-17.25,-133.00,-17.25 F,0.00,-16.25,0.00,-16.25,100.0%,-6.2%,-106.2%,1.00,3997.25,3994.00,,1,0,00:02:34
[Sim]F.US.MESH23,Long,2023-01-13  16:28:02.450 BP,2023-01-13  16:33:32.158 EP,3997.00,3992.75,1,1,1,-22.25,-155.25,-22.25 F,17.50,-21.25,17.50,-21.25,100.0%,-2.6%,-57.4%,1.00,4000.50,3992.75,,1,0,00:05:29
[Sim]F.US.MESH23,Long,2023-01-13  16:33:55.505 BP,2023-01-13  16:34:59.362 EP,3993.75,3991.25,1,1,1,-13.50,-168.75,-13.50 F,0.00,-12.50,0.00,-12.50,100.0%,-8.0%,-108.0%,1.00,3993.75,3991.25,,1,0,00:01:03
[Sim]F.US.MESH23,Long,2023-01-13  16:35:12.196 BP,2023-01-13  16:47:03.811 EP,3993.00,3997.25,1,1,1,20.25,-148.50,20.25 F,31.25,-3.75,31.25,-3.75,100.0%,68.6%,57.9%,1.00,3999.25,3992.25,,1,0,00:11:51
[Sim]F.US.MESH23,Short,2023-01-13  16:48:43.703 BP,2023-01-13  16:52:18.280 EP,3998.25,3996.75,1,1,1,6.50,-142.00,6.50 F,16.25,-7.50,16.25,-7.50,100.0%,58.9%,27.4%,1.00,3999.75,3995.00,,1,0,00:03:34
[Sim]F.US.MESH23,Long,2023-01-13  16:56:36.216 BP,2023-01-13  17:00:10.964 EP,3995.75,3998.50,1,1,1,12.75,-129.25,12.75 F,13.75,-6.25,13.75,-6.25,100.0%,95.0%,63.7%,1.00,3998.50,3994.50,,1,0,00:03:34
[Sim]F.US.MESH23,Short,2023-01-13  17:04:17.287 BP,2023-01-13  17:07:38.580 EP,3994.50,3993.75,1,1,1,2.75,-126.50,2.75 F,10.00,-6.25,10.00,-6.25,100.0%,55.4%,16.9%,1.00,3995.75,3992.50,,1,0,00:03:21
[Sim]F.US.MESH23,Short,2023-01-17  15:41:24.735 BP,2023-01-17  15:41:42.074 EP,4011.75,4014.25,1,1,1,-13.50,-140.00,-13.50 F,0.00,-12.50,0.00,-12.50,100.0%,-8.0%,-108.0%,1.00,4014.25,4011.75,,1,0,00:00:17
[Sim]F.US.MESH23,Short,2023-01-17  15:42:48.072 BP,2023-01-17  15:45:17.719 EP,4016.00,4018.25,1,1,1,-12.25,-152.25,-12.25 F,12.50,-11.25,12.50,-11.25,100.0%,-4.2%,-51.6%,1.00,4018.25,4013.50,,1,0,00:02:29
[Sim]F.US.MESH23,Long,2023-01-17  15:45:36.118 BP,2023-01-17  15:50:30.621 EP,4018.50,4016.00,1,1,1,-13.50,-165.75,-13.50 F,15.00,-12.50,15.00,-12.50,100.0%,-3.6%,-49.1%,1.00,4021.50,4016.00,,1,0,00:04:54
[Sim]F.US.MESH23,Short,2023-01-17  15:50:56.145 BP,2023-01-17  15:52:46.594 EP,4017.25,4019.75,1,1,1,-13.50,-179.25,-13.50 F,2.50,-12.50,2.50,-12.50,100.0%,-6.7%,-90.0%,1.00,4019.75,4016.75,,1,0,00:01:50
[Sim]F.US.MESH23,Short,2023-01-17  15:53:32.097 BP,2023-01-17  15:53:58.781 EP,4020.25,4022.50,1,1,1,-12.25,-191.50,-12.25 F,0.00,-11.25,0.00,-11.25,100.0%,-8.9%,-108.9%,1.00,4022.50,4020.25,,1,0,00:00:26
[Sim]F.US.MESH23,Long,2023-01-17  15:54:11.817 BP,2023-01-17  15:55:59.623 EP,4023.75,4021.50,1,1,1,-12.25,-203.75,-12.25 F,0.00,-15.00,0.00,-15.00,100.0%,18.3%,-81.7%,1.00,4023.75,4020.75,,1,0,00:01:47
[Sim]F.US.MESH23,Short,2023-01-17  15:56:32.093 BP,2023-01-17  16:00:18.114 EP,4018.50,4020.00,1,1,1,-8.50,-212.25,-8.50 F,11.25,-12.50,11.25,-12.50,100.0%,16.8%,-35.8%,1.00,4021.00,4016.25,,1,0,00:03:46
[Sim]F.US.MESH23,Long,2023-01-17  16:00:21.099 BP,2023-01-17  16:32:09.261 EP,4022.50,4025.75,1,1,1,15.25,-197.00,15.25 F,63.75,0.00,63.75,0.00,100.0%,23.9%,23.9%,1.00,4035.25,4022.50,,1,0,00:31:48
[Sim]F.US.MESH23,Short,2023-01-17  16:32:09.431 BP,2023-01-17  16:43:44.411 EP,4025.75,4013.00,1,1,1,62.75,-134.25,62.75 F,75.00,-6.25,75.00,-6.25,100.0%,84.9%,77.2%,1.00,4027.00,4010.75,,1,0,00:11:34
[Sim]F.US.MESH23,Short,2023-01-17  16:45:29.147 BP,2023-01-17  16:47:23.398 EP,4014.75,4017.50,1,1,1,-14.75,-149.00,-14.75 F,2.50,-13.75,2.50,-13.75,100.0%,-6.2%,-90.8%,1.00,4017.50,4014.25,,1,0,00:01:54
[Sim]F.US.MESH23,Short,2023-01-18  15:36:41.778 BP,2023-01-18  15:38:07.141 EP,4022.50,4018.75,1,1,1,17.75,-131.25,17.75 F,32.50,-5.00,32.50,-5.00,100.0%,60.7%,47.3%,1.00,4023.50,4016.00,,1,0,00:01:25
[Sim]F.US.MESH23,Short,2023-01-18  15:40:53.533 BP,2023-01-18  15:41:34.686 EP,4022.00,4024.50,1,1,1,-13.50,-144.75,-13.50 F,2.50,-13.75,2.50,-13.75,100.0%,1.5%,-83.1%,1.00,4024.75,4021.50,,1,0,00:00:41
[Sim]F.US.MESH23,Short,2023-01-18  15:50:03.616 BP,2023-01-18  15:50:35.618 EP,4023.75,4026.25,1,1,1,-13.50,-158.25,-13.50 F,3.75,-12.50,3.75,-12.50,100.0%,-6.2%,-83.1%,1.00,4026.25,4023.00,,1,0,00:00:32
[Sim]F.US.MESH23,Short,2023-01-18  15:51:12.168 BP,2023-01-18  15:55:01.687 EP,4027.75,4024.75,1,1,1,14.00,-144.25,14.00 F,21.25,-2.50,21.25,-2.50,100.0%,69.5%,58.9%,1.00,4028.25,4023.50,,1,0,00:03:49
[Sim]F.US.MESH23,Short,2023-01-18  15:58:41.145 BP,2023-01-18  16:00:00.969 EP,4027.25,4029.25,1,1,1,-11.00,-155.25,-11.00 F,6.25,-16.25,6.25,-16.25,100.0%,23.3%,-48.9%,1.00,4030.50,4026.00,,1,0,00:01:19
[Sim]F.US.MESH23,Long,2023-01-18  16:00:20.584 BP,2023-01-18  16:00:34.956 EP,4031.00,4028.50,1,1,1,-13.50,-168.75,-13.50 F,0.00,-12.50,0.00,-12.50,100.0%,-8.0%,-108.0%,1.00,4031.00,4028.50,,1,0,00:00:14
[Sim]F.US.MESH23,Short,2023-01-18  16:01:03.294 BP,2023-01-18  16:01:33.353 EP,4028.00,4030.50,1,1,1,-13.50,-182.25,-13.50 F,2.50,-12.50,2.50,-12.50,100.0%,-6.7%,-90.0%,1.00,4030.50,4027.50,,1,0,00:00:30
[Sim]F.US.MESH23,Long,2023-01-18  16:04:15.789 BP,2023-01-18  16:11:20.945 EP,4029.00,4026.50,1,1,1,-13.50,-195.75,-13.50 F,21.25,-13.75,21.25,-13.75,100.0%,0.7%,-38.6%,1.00,4033.25,4026.25,,1,0,00:07:05
[Sim]F.US.MESH23,Short,2023-01-18  16:11:58.235 BP,2023-01-18  16:12:44.458 EP,4026.25,4028.50,1,1,1,-12.25,-208.00,-12.25 F,1.25,-12.50,1.25,-12.50,100.0%,1.8%,-89.1%,1.00,4028.75,4026.00,,1,0,00:00:46
[Sim]F.US.MESH23,Short,2023-01-18  16:13:33.698 BP,2023-01-18  16:15:35.600 EP,4027.25,4029.75,1,1,1,-13.50,-221.50,-13.50 F,8.75,-12.50,8.75,-12.50,100.0%,-4.7%,-63.5%,1.00,4029.75,4025.50,,1,0,00:02:01
[Sim]F.US.MESH23,Short,2023-01-18  16:16:35.470 BP,2023-01-18  16:19:38.410 EP,4028.75,4019.75,1,1,1,44.00,-177.50,44.00 F,56.25,-6.25,56.25,-6.25,100.0%,80.4%,70.4%,1.00,4030.00,4017.50,,1,0,00:03:02
[Sim]F.US.MESH23,Long,2023-01-18  16:32:23.226 BP,2023-01-18  16:33:56.357 EP,4022.00,4019.50,1,1,1,-13.50,-191.00,-13.50 F,5.00,-12.50,5.00,-12.50,100.0%,-5.7%,-77.1%,1.00,4023.00,4019.50,,1,0,00:01:33
[Sim]F.US.MESH23,Short,2023-01-18  16:37:59.468 BP,2023-01-18  16:40:27.634 EP,4015.75,4014.25,1,1,1,6.50,-184.50,6.50 F,17.50,-5.00,17.50,-5.00,100.0%,51.1%,28.9%,1.00,4016.75,4012.25,,1,0,00:02:28
[Sim]F.US.MESH23,Short,2023-01-18  16:41:04.193 BP,2023-01-18  16:43:16.761 EP,4014.25,4009.00,1,1,1,25.25,-159.25,25.25 F,32.50,0.00,32.50,0.00,100.0%,77.7%,77.7%,1.00,4014.25,4007.75,,1,0,00:02:12
[Sim]F.US.MESH23,Short,2023-01-18  16:44:27.073 BP,2023-01-18  16:44:47.011 EP,4005.75,4008.00,1,1,1,-12.25,-171.50,-12.25 F,0.00,-11.25,0.00,-11.25,100.0%,-8.9%,-108.9%,1.00,4008.00,4005.75,,1,0,00:00:19
[Sim]F.US.MESH23,Short,2023-01-18  16:56:42.799 BP,2023-01-18  16:56:57.562 EP,3996.50,3998.75,1,1,1,-12.25,-183.75,-12.25 F,0.00,-11.25,0.00,-11.25,100.0%,-8.9%,-108.9%,1.00,3998.75,3996.50,,1,0,00:00:14
[Sim]F.US.MESH23,Short,2023-01-18  16:57:20.600 BP,2023-01-18  16:57:48.462 EP,3999.50,4002.00,1,1,1,-13.50,-197.25,-13.50 F,1.25,-12.50,1.25,-12.50,100.0%,-7.3%,-98.2%,1.00,4002.00,3999.25,,1,0,00:00:27
[Sim]F.US.MESH23,Long,2023-01-18  16:57:52.927 BP,2023-01-18  17:04:06.280 EP,4002.00,4002.50,1,1,1,1.50,-195.75,1.50 F,18.75,-1.25,18.75,-1.25,100.0%,13.7%,7.5%,1.00,4005.75,4001.75,,1,0,00:06:13
[Sim]F.US.MESH23,Short,2023-01-18  17:04:06.547 BP,2023-01-18  17:05:08.473 EP,4002.25,4001.25,1,1,1,4.00,-191.75,4.00 F,7.50,-1.25,7.50,-1.25,100.0%,60.0%,45.7%,1.00,4002.50,4000.75,,1,0,00:01:01
[Sim]F.US.MESH23,Short,2023-01-18  17:05:14.515 BP,2023-01-18  17:06:41.162 EP,4000.50,3996.25,1,1,1,20.25,-171.50,20.25 F,32.50,-1.25,32.50,-1.25,100.0%,63.7%,60.0%,1.00,4000.75,3994.00,,1,0,00:01:26
[Sim]F.US.MESH23,Short,2023-01-18  17:07:15.222 BP,2023-01-18  17:07:22.691 EP,3991.00,3993.50,1,1,1,-13.50,-185.00,-13.50 F,0.00,-12.50,0.00,-12.50,100.0%,-8.0%,-108.0%,1.00,3993.50,3991.00,,1,0,00:00:07
[Sim]F.US.MESH23,Short,2023-01-18  17:07:50.178 BP,2023-01-18  17:23:05.133 EP,3993.00,3983.75,1,1,1,45.25,-139.75,45.25 F,55.00,-10.00,55.00,-10.00,100.0%,85.0%,69.6%,1.00,3995.00,3982.00,,1,0,00:15:14
[Sim]F.US.MESH23,Short,2023-01-18  17:28:26.591 BP,2023-01-18  17:31:24.752 EP,3987.00,3983.25,1,1,1,17.75,-122.00,17.75 F,25.00,0.00,25.00,0.00,100.0%,71.0%,71.0%,1.00,3987.00,3982.00,,1,0,00:02:58
[Sim]F.US.MESH23,Short,2023-01-19  15:36:06.826 BP,2023-01-19  15:36:30.082 EP,3923.25,3925.75,1,1,1,-13.50,-135.50,-13.50 F,5.00,-12.50,5.00,-12.50,100.0%,-5.7%,-77.1%,1.00,3925.75,3922.25,,1,0,00:00:23
[Sim]F.US.MESH23,Short,2023-01-19  15:37:13.605 BP,2023-01-19  15:37:29.036 EP,3923.25,3925.75,1,1,1,-13.50,-149.00,-13.50 F,0.00,-12.50,0.00,-12.50,100.0%,-8.0%,-108.0%,1.00,3925.75,3923.25,,1,0,00:00:15
[Sim]F.US.MESH23,Short,2023-01-19  15:37:48.273 BP,2023-01-19  15:38:38.018 EP,3925.75,3928.25,1,1,1,-13.50,-162.50,-13.50 F,1.25,-12.50,1.25,-12.50,100.0%,-7.3%,-98.2%,1.00,3928.25,3925.50,,1,0,00:00:49
[Sim]F.US.MESH23,Short,2023-01-19  15:39:07.917 BP,2023-01-19  15:39:36.369 EP,3928.75,3931.25,1,1,1,-13.50,-176.00,-13.50 F,0.00,-12.50,0.00,-12.50,100.0%,-8.0%,-108.0%,1.00,3931.25,3928.75,,1,0,00:00:28
[Sim]F.US.MESH23,Short,2023-01-19  15:40:16.887 BP,2023-01-19  15:41:28.008 EP,3930.50,3932.75,1,1,1,-12.25,-188.25,-12.25 F,11.25,-12.50,11.25,-12.50,100.0%,1.1%,-51.6%,1.00,3933.00,3928.25,,1,0,00:01:11
[Sim]F.US.MESH23,Long,2023-01-19  15:41:52.935 BP,2023-01-19  15:42:03.476 EP,3932.50,3930.00,1,1,1,-13.50,-201.75,-13.50 F,0.00,-13.75,0.00,-13.75,100.0%,1.8%,-98.2%,1.00,3932.50,3929.75,,1,0,00:00:10
[Sim]F.US.MESH23,Short,2023-01-19  15:42:06.336 BP,2023-01-19  15:50:38.020 EP,3929.75,3920.00,1,1,1,47.75,-154.00,47.75 F,70.00,-1.25,70.00,-1.25,100.0%,68.8%,67.0%,1.00,3930.00,3915.75,,1,0,00:08:31
[Sim]F.US.MESH23,Short,2023-01-19  15:51:09.608 BP,2023-01-19  15:53:14.677 EP,3920.50,3920.00,1,1,1,1.50,-152.50,1.50 F,11.25,-6.25,11.25,-6.25,100.0%,44.3%,8.6%,1.00,3921.75,3918.25,,1,0,00:02:05
[Sim]F.US.MESH23,Short,2023-01-19  16:09:16.238 BP,2023-01-19  16:13:10.335 EP,3927.00,3917.25,1,1,1,47.75,-104.75,47.75 F,70.00,-6.25,70.00,-6.25,100.0%,70.8%,62.6%,1.00,3928.25,3913.00,,1,0,00:03:54
[Sim]F.US.MESH23,Short,2023-01-19  16:15:09.920 BP,2023-01-19  16:16:13.884 EP,3916.75,3919.25,1,1,1,-13.50,-118.25,-13.50 F,3.75,-12.50,3.75,-12.50,100.0%,-6.2%,-83.1%,1.00,3919.25,3916.00,,1,0,00:01:03
[Sim]F.US.MESH23,Short,2023-01-20  15:32:54.830 BP,2023-01-20  15:35:28.363 EP,3918.50,3917.50,1,1,1,4.00,-114.25,4.00 F,23.75,-15.00,23.75,-15.00,100.0%,49.0%,10.3%,1.00,3921.50,3913.75,,1,0,00:02:33
[Sim]F.US.MESH23,Short,2023-01-20  15:36:10.468 BP,2023-01-20  15:36:29.509 EP,3914.50,3917.00,1,1,1,-13.50,-127.75,-13.50 F,5.00,-12.50,5.00,-12.50,100.0%,-5.7%,-77.1%,1.00,3917.00,3913.50,,1,0,00:00:19
[Sim]F.US.MESH23,Short,2023-01-20  15:36:59.940 BP,2023-01-20  15:39:31.804 EP,3916.50,3919.00,1,1,1,-13.50,-141.25,-13.50 F,21.25,-12.50,21.25,-12.50,100.0%,-3.0%,-40.0%,1.00,3919.00,3912.25,,1,0,00:02:31
[Sim]F.US.MESH23,Short,2023-01-20  15:41:10.398 BP,2023-01-20  15:41:39.158 EP,3918.25,3920.75,1,1,1,-13.50,-154.75,-13.50 F,1.25,-13.75,1.25,-13.75,100.0%,1.7%,-90.0%,1.00,3921.00,3918.00,,1,0,00:00:28
[Sim]F.US.MESH23,Short,2023-01-20  15:44:24.056 BP,2023-01-20  15:51:47.853 EP,3923.50,3926.00,1,1,1,-13.50,-168.25,-13.50 F,12.50,-13.75,12.50,-13.75,100.0%,1.0%,-51.4%,1.00,3926.25,3921.00,,1,0,00:07:23
[Sim]F.US.MESH23,Long,2023-01-20  15:52:33.879 BP,2023-01-20  15:53:20.619 EP,3929.00,3926.50,1,1,1,-13.50,-181.75,-13.50 F,1.25,-12.50,1.25,-12.50,100.0%,-7.3%,-98.2%,1.00,3929.25,3926.50,,1,0,00:00:46
[Sim]F.US.MESH23,Short,2023-01-20  16:04:26.403 BP,2023-01-20  16:05:15.634 EP,3926.75,3929.25,1,1,1,-13.50,-195.25,-13.50 F,3.75,-12.50,3.75,-12.50,100.0%,-6.2%,-83.1%,1.00,3929.25,3926.00,,1,0,00:00:49
[Sim]F.US.MESH23,Long,2023-01-20  16:06:19.756 BP,2023-01-20  16:09:17.203 EP,3931.50,3935.00,1,1,1,16.50,-178.75,16.50 F,27.50,-1.25,27.50,-1.25,100.0%,61.7%,57.4%,1.00,3937.00,3931.25,,1,0,00:02:57
[Sim]F.US.MESH23,Long,2023-01-20  16:10:52.232 BP,2023-01-20  16:11:12.696 EP,3936.50,3934.00,1,1,1,-13.50,-192.25,-13.50 F,0.00,-12.50,0.00,-12.50,100.0%,-8.0%,-108.0%,1.00,3936.50,3934.00,,1,0,00:00:20
[Sim]F.US.MESH23,Long,2023-01-20  16:12:45.587 BP,2023-01-20  16:14:57.783 EP,3935.25,3932.00,1,1,1,-17.25,-209.50,-17.25 F,2.50,-16.25,2.50,-16.25,100.0%,-5.3%,-92.0%,1.00,3935.75,3932.00,,1,0,00:02:12
[Sim]F.US.MESH23,Short,2023-01-20  16:15:03.075 BP,2023-01-20  16:19:52.747 EP,3932.00,3930.50,1,1,1,6.50,-203.00,6.50 F,20.00,-6.25,20.00,-6.25,100.0%,48.6%,24.8%,1.00,3933.25,3928.00,,1,0,00:04:49
[Sim]F.US.MESH23,Short,2023-01-20  16:20:29.033 BP,2023-01-20  16:20:56.929 EP,3929.25,3931.75,1,1,1,-13.50,-216.50,-13.50 F,0.00,-12.50,0.00,-12.50,100.0%,-8.0%,-108.0%,1.00,3931.75,3929.25,,1,0,00:00:27
[Sim]F.US.MESH23,Long,2023-01-20  16:21:03.452 BP,2023-01-20  16:25:20.908 EP,3931.75,3932.75,1,1,1,4.00,-212.50,4.00 F,18.75,-1.25,18.75,-1.25,100.0%,26.2%,20.0%,1.00,3935.50,3931.50,,1,0,00:04:17
[Sim]F.US.MESH23,Long,2023-01-20  16:29:47.443 BP,2023-01-20  16:31:28.964 EP,3939.50,3937.75,1,1,1,-9.75,-222.25,-9.75 F,6.25,-8.75,6.25,-8.75,100.0%,-6.7%,-65.0%,1.00,3940.75,3937.75,,1,0,00:01:41
[Sim]F.US.MESH23,Short,2023-01-20  16:33:10.125 BP,2023-01-20  16:56:44.966 EP,3937.50,3938.25,1,1,1,-4.75,-227.00,-4.75 F,25.00,-6.25,25.00,-6.25,100.0%,4.8%,-15.2%,1.00,3938.75,3932.50,,1,0,00:23:34
[Sim]F.US.MESH23,Long,2023-01-20  16:56:45.309 BP,2023-01-20  16:57:36.895 EP,3938.25,3937.00,1,1,1,-7.25,-234.25,-7.25 F,5.00,-6.25,5.00,-6.25,100.0%,-8.9%,-64.4%,1.00,3939.25,3937.00,,1,0,00:00:51
[Sim]F.US.MESH23,Long,2023-01-20  17:02:31.642 BP,2023-01-20  17:11:56.224 EP,3941.00,3946.25,1,1,1,25.25,-209.00,25.25 F,30.00,-1.25,30.00,-1.25,100.0%,84.8%,80.8%,1.00,3947.00,3940.75,,1,0,00:09:24
[Sim]F.US.MESH23,Short,2023-01-23  15:33:48.112 BP,2023-01-23  15:35:16.287 EP,3991.25,3993.50,1,1,1,-12.25,-221.25,-12.25 F,17.50,-11.25,17.50,-11.25,100.0%,-3.5%,-42.6%,1.00,3993.50,3987.75,,1,0,00:01:28
[Sim]F.US.MESH23,Short,2023-01-23  15:35:27.126 BP,2023-01-23  15:35:36.760 EP,3992.50,3994.75,1,1,1,-12.25,-233.50,-12.25 F,2.50,-12.50,2.50,-12.50,100.0%,1.7%,-81.7%,1.00,3995.00,3992.00,,1,0,00:00:09
[Sim]F.US.MESH23,Long,2023-01-23  15:35:39.301 BP,2023-01-23  15:36:00.724 EP,3995.25,3992.75,1,1,1,-13.50,-247.00,-13.50 F,2.50,-12.50,2.50,-12.50,100.0%,-6.7%,-90.0%,1.00,3995.75,3992.75,,1,0,00:00:21
[Sim]F.US.MESH23,Short,2023-01-23  15:36:03.101 BP,2023-01-23  15:40:10.547 EP,3992.75,3995.25,1,1,1,-13.50,-260.50,-13.50 F,23.75,-12.50,23.75,-12.50,100.0%,-2.8%,-37.2%,1.00,3995.25,3988.00,,1,0,00:04:07
[Sim]F.US.MESH23,Long,2023-01-23  15:40:27.723 BP,2023-01-23  15:41:24.421 EP,3995.75,3993.25,1,1,1,-13.50,-274.00,-13.50 F,1.25,-12.50,1.25,-12.50,100.0%,-7.3%,-98.2%,1.00,3996.00,3993.25,,1,0,00:00:56
[Sim]F.US.MESH23,Long,2023-01-23  15:42:44.547 BP,2023-01-23  15:52:19.635 EP,3995.75,4009.25,1,1,1,66.50,-207.50,66.50 F,75.00,-5.00,75.00,-5.00,100.0%,89.4%,83.1%,1.00,4010.75,3994.75,,1,0,00:09:35
[Sim]F.US.MESH23,Long,2023-01-23  15:52:52.397 BP,2023-01-23  15:54:28.570 EP,4011.00,4010.00,1,1,1,-6.00,-213.50,-6.00 F,7.50,-6.25,7.50,-6.25,100.0%,1.8%,-43.6%,1.00,4012.50,4009.75,,1,0,00:01:36
[Sim]F.US.MESH23,Long,2023-01-23  15:55:42.893 BP,2023-01-23  15:56:37.813 EP,4011.50,4009.00,1,1,1,-13.50,-227.00,-13.50 F,3.75,-12.50,3.75,-12.50,100.0%,-6.2%,-83.1%,1.00,4012.25,4009.00,,1,0,00:00:54
[Sim]F.US.MESH23,Long,2023-01-23  15:56:47.840 BP,2023-01-23  15:57:11.723 EP,4010.00,4007.50,1,1,1,-13.50,-240.50,-13.50 F,1.25,-12.50,1.25,-12.50,100.0%,-7.3%,-98.2%,1.00,4010.25,4007.50,,1,0,00:00:23
[Sim]F.US.MESH23,Long,2023-01-23  16:02:21.769 BP,2023-01-23  16:04:24.644 EP,4013.25,4010.75,1,1,1,-13.50,-254.00,-13.50 F,2.50,-12.50,2.50,-12.50,100.0%,-6.7%,-90.0%,1.00,4013.75,4010.75,,1,0,00:02:02
[Sim]F.US.MESH23,Long,2023-01-23  16:07:45.471 BP,2023-01-23  16:14:42.833 EP,4008.25,4014.75,1,1,1,31.50,-222.50,31.50 F,46.25,-5.00,46.25,-5.00,100.0%,71.2%,61.5%,1.00,4017.50,4007.25,,1,0,00:06:57
[Sim]F.US.MESH23,Long,2023-01-23  16:24:39.113 BP,2023-01-23  16:25:52.174 EP,4021.25,4020.50,1,1,1,-4.75,-227.25,-4.75 F,11.25,-3.75,11.25,-3.75,100.0%,-6.7%,-31.7%,1.00,4023.50,4020.50,,1,0,00:01:13
[Sim]F.US.MESH23,Long,2023-01-23  16:28:55.027 BP,2023-01-23  16:29:26.813 EP,4024.00,4022.00,1,1,1,-11.00,-238.25,-11.00 F,1.25,-10.00,1.25,-10.00,100.0%,-8.9%,-97.8%,1.00,4024.25,4022.00,,1,0,00:00:31
[Sim]F.US.MESH23,Long,2023-01-23  16:29:33.203 BP,2023-01-23  16:31:35.038 EP,4022.75,4024.25,1,1,1,6.50,-231.75,6.50 F,16.25,-5.00,16.25,-5.00,100.0%,54.1%,30.6%,1.00,4026.00,4021.75,,1,0,00:02:01
[Sim]F.US.MESH23,Long,2023-01-23  16:32:11.114 BP,2023-01-23  16:33:09.335 EP,4026.00,4023.50,1,1,1,-13.50,-245.25,-13.50 F,0.00,-12.50,0.00,-12.50,100.0%,-8.0%,-108.0%,1.00,4026.00,4023.50,,1,0,00:00:58
[Sim]F.US.MESH23,Long,2023-01-23  16:37:09.124 BP,2023-01-23  16:42:17.448 EP,4024.00,4021.50,1,1,1,-13.50,-258.75,-13.50 F,8.75,-12.50,8.75,-12.50,100.0%,-4.7%,-63.5%,1.00,4025.75,4021.50,,1,0,00:05:08
[Sim]F.US.MESH23,Short,2023-01-23  16:48:08.931 BP,2023-01-23  16:48:32.061 EP,4025.75,4028.00,1,1,1,-12.25,-271.00,-12.25 F,0.00,-11.25,0.00,-11.25,100.0%,-8.9%,-108.9%,1.00,4028.00,4025.75,,1,0,00:00:23
[Sim]F.US.MESH23,Long,2023-01-23  16:48:32.244 BP,2023-01-23  16:59:25.486 EP,4028.00,4029.25,1,1,1,5.25,-265.75,5.25 F,23.75,-3.75,23.75,-3.75,100.0%,32.7%,19.1%,1.00,4032.75,4027.25,,1,0,00:10:53
[Sim]F.US.MESH23,Long,2023-01-23  17:03:14.405 BP,2023-01-23  17:05:19.937 EP,4034.50,4038.75,1,1,1,20.25,-245.50,20.25 F,37.50,-3.75,37.50,-3.75,100.0%,58.2%,49.1%,1.00,4042.00,4033.75,,1,0,00:02:05
[Sim]F.US.MESH23,Long,2023-01-23  17:07:08.774 BP,2023-01-23  17:20:15.997 EP,4043.50,4049.25,1,1,1,27.75,-217.75,27.75 F,37.50,-11.25,37.50,-11.25,100.0%,80.0%,56.9%,1.00,4051.00,4041.25,,1,0,00:13:07
[Sim]F.US.MESH23,Long,2023-01-23  17:30:01.730 BP,2023-01-23  17:36:21.130 EP,4039.50,4037.25,1,1,1,-12.25,-230.00,-12.25 F,15.00,-11.25,15.00,-11.25,100.0%,-3.8%,-46.7%,1.00,4042.50,4037.25,,1,0,00:06:19
[Sim]F.US.MESH23,Long,2023-01-24  15:33:47.073 BP,2023-01-24  15:34:43.837 EP,4019.25,4016.75,1,1,1,-13.50,-243.50,-13.50 F,2.50,-13.75,2.50,-13.75,100.0%,1.5%,-83.1%,1.00,4019.75,4016.50,,1,0,00:00:56
[Sim]F.US.MESH23,Short,2023-01-24  15:36:00.021 BP,2023-01-24  15:36:26.813 EP,4013.00,4015.50,1,1,1,-13.50,-257.00,-13.50 F,1.25,-12.50,1.25,-12.50,100.0%,-7.3%,-98.2%,1.00,4015.50,4012.75,,1,0,00:00:26
[Sim]F.US.MESH23,Short,2023-01-24  15:36:51.956 BP,2023-01-24  15:42:22.208 EP,4014.00,4016.50,1,1,1,-13.50,-270.50,-13.50 F,25.00,-12.50,25.00,-12.50,100.0%,-2.7%,-36.0%,1.00,4016.50,4009.00,,1,0,00:05:30
[Sim]F.US.MESH23,Short,2023-01-24  15:42:39.494 BP,2023-01-24  15:45:16.622 EP,4015.75,4018.25,1,1,1,-13.50,-284.00,-13.50 F,22.50,-12.50,22.50,-12.50,100.0%,-2.9%,-38.6%,1.00,4018.25,4011.25,,1,0,00:02:37
[Sim]F.US.MESH23,Long,2023-01-24  15:45:35.542 BP,2023-01-24  15:45:50.412 EP,4017.50,4015.00,1,1,1,-13.50,-297.50,-13.50 F,5.00,-12.50,5.00,-12.50,100.0%,-5.7%,-77.1%,1.00,4018.50,4015.00,,1,0,00:00:14
[Sim]F.US.MESH23,Long,2023-01-24  15:47:05.359 BP,2023-01-24  15:50:21.306 EP,4023.25,4020.75,1,1,1,-13.50,-311.00,-13.50 F,15.00,-12.50,15.00,-12.50,100.0%,-3.6%,-49.1%,1.00,4026.25,4020.75,,1,0,00:03:15
[Sim]F.US.MESH23,Short,2023-01-24  15:50:23.811 BP,2023-01-24  15:50:59.267 EP,4020.50,4023.00,1,1,1,-13.50,-324.50,-13.50 F,0.00,-13.75,0.00,-13.75,100.0%,1.8%,-98.2%,1.00,4023.25,4020.50,,1,0,00:00:35
[Sim]F.US.MESH23,Long,2023-01-24  15:51:04.592 BP,2023-01-24  15:56:55.595 EP,4024.50,4022.00,1,1,1,-13.50,-338.00,-13.50 F,31.25,-12.50,31.25,-12.50,100.0%,-2.3%,-30.9%,1.00,4030.75,4022.00,,1,0,00:05:51
[Sim]F.US.MESH23,Short,2023-01-24  15:57:21.801 BP,2023-01-24  15:58:15.514 EP,4019.50,4017.50,1,1,1,9.00,-329.00,9.00 F,18.75,-1.25,18.75,-1.25,100.0%,51.2%,45.0%,1.00,4019.75,4015.75,,1,0,00:00:53
[Sim]F.US.MESH23,Long,2023-01-24  15:58:50.675 BP,2023-01-24  15:59:04.627 EP,4018.75,4016.25,1,1,1,-13.50,-342.50,-13.50 F,0.00,-12.50,0.00,-12.50,100.0%,-8.0%,-108.0%,1.00,4018.75,4016.25,,1,0,00:00:13
[Sim]F.US.MESH23,Short,2023-01-24  15:59:33.357 BP,2023-01-24  16:00:19.687 EP,4012.75,4015.25,1,1,1,-13.50,-356.00,-13.50 F,7.50,-12.50,7.50,-12.50,100.0%,-5.0%,-67.5%,1.00,4015.25,4011.25,,1,0,00:00:46
[Sim]F.US.MESH23,Long,2023-01-24  16:00:21.598 BP,2023-01-24  16:00:42.010 EP,4015.25,4012.75,1,1,1,-13.50,-369.50,-13.50 F,5.00,-12.50,5.00,-12.50,100.0%,-5.7%,-77.1%,1.00,4016.25,4012.75,,1,0,00:00:20
[Sim]F.US.MESH23,Long,2023-01-24  16:00:57.595 BP,2023-01-24  16:01:11.768 EP,4012.75,4010.25,1,1,1,-13.50,-383.00,-13.50 F,0.00,-12.50,0.00,-12.50,100.0%,-8.0%,-108.0%,1.00,4012.75,4010.25,,1,0,00:00:14
[Sim]F.US.MESH23,Short,2023-01-24  16:01:55.262 BP,2023-01-24  16:11:32.505 EP,4014.75,4017.25,1,1,1,-13.50,-396.50,-13.50 F,47.50,-12.50,47.50,-12.50,100.0%,-1.7%,-22.5%,1.00,4017.25,4005.25,,1,0,00:09:37
[Sim]F.US.MESH23,Short,2023-01-24  16:15:17.885 BP,2023-01-24  16:21:21.557 EP,4026.75,4020.50,1,1,1,30.25,-366.25,30.25 F,55.00,-1.25,55.00,-1.25,100.0%,56.0%,53.8%,1.00,4027.00,4015.75,,1,0,00:06:03
[Sim]F.US.MESH23,Short,2023-01-24  16:24:22.048 BP,2023-01-24  16:25:13.322 EP,4015.75,4018.25,1,1,1,-13.50,-379.75,-13.50 F,10.00,-12.50,10.00,-12.50,100.0%,-4.4%,-60.0%,1.00,4018.25,4013.75,,1,0,00:00:51
[Sim]F.US.MESH23,Short,2023-01-24  16:30:06.004 BP,2023-01-24  16:32:01.042 EP,4021.50,4023.75,1,1,1,-12.25,-392.00,-12.25 F,20.00,-11.25,20.00,-11.25,100.0%,-3.2%,-39.2%,1.00,4023.75,4017.50,,1,0,00:01:55
[Sim]F.US.MESH23,Short,2023-01-24  16:33:56.752 BP,2023-01-24  16:37:01.695 EP,4023.25,4015.75,1,1,1,36.50,-355.50,36.50 F,48.75,-6.25,48.75,-6.25,100.0%,77.7%,66.4%,1.00,4024.50,4013.50,,1,0,00:03:04
[Sim]F.US.MESH23,Long,2023-01-24  16:37:13.877 BP,2023-01-24  16:44:18.545 EP,4016.50,4025.50,1,1,1,44.00,-311.50,44.00 F,50.00,-7.50,50.00,-7.50,100.0%,89.6%,76.5%,1.00,4026.50,4015.00,,1,0,00:07:04
[Sim]F.US.MESH23,Short,2023-01-24  16:44:33.276 BP,2023-01-24  16:45:54.759 EP,4025.25,4026.50,1,1,1,-7.25,-318.75,-7.25 F,8.75,-6.25,8.75,-6.25,100.0%,-6.7%,-48.3%,1.00,4026.50,4023.50,,1,0,00:01:21
[Sim]F.US.MESH23,Short,2023-01-24  16:46:24.035 BP,2023-01-24  16:54:38.458 EP,4027.00,4029.50,1,1,1,-13.50,-332.25,-13.50 F,16.25,-12.50,16.25,-12.50,100.0%,-3.5%,-47.0%,1.00,4029.50,4023.75,,1,0,00:08:14
[Sim]F.US.MESH23,Long,2023-01-24  16:56:45.566 BP,2023-01-24  17:00:50.602 EP,4034.25,4031.75,1,1,1,-13.50,-345.75,-13.50 F,12.50,-12.50,12.50,-12.50,100.0%,-4.0%,-54.0%,1.00,4036.75,4031.75,,1,0,00:04:05
[Sim]F.US.MESH23,Short,2023-01-25  15:33:21.576 BP,2023-01-25  15:34:01.216 EP,3982.25,3984.75,1,1,1,-13.50,-359.25,-13.50 F,5.00,-13.75,5.00,-13.75,100.0%,1.3%,-72.0%,1.00,3985.00,3981.25,,1,0,00:00:39
[Sim]F.US.MESH23,Short,2023-01-25  15:37:12.266 BP,2023-01-25  15:37:42.398 EP,3983.75,3986.25,1,1,1,-13.50,-372.75,-13.50 F,0.00,-12.50,0.00,-12.50,100.0%,-8.0%,-108.0%,1.00,3986.25,3983.75,,1,0,00:00:30
[Sim]F.US.MESH23,Short,2023-01-25  15:38:03.196 BP,2023-01-25  15:38:08.679 EP,3986.00,3988.50,1,1,1,-13.50,-386.25,-13.50 F,0.00,-12.50,0.00,-12.50,100.0%,-8.0%,-108.0%,1.00,3988.50,3986.00,,1,0,00:00:05
[Sim]F.US.MESH23,Short,2023-01-25  15:38:35.207 BP,2023-01-25  15:40:38.351 EP,3988.25,3990.75,1,1,1,-13.50,-399.75,-13.50 F,10.00,-12.50,10.00,-12.50,100.0%,-4.4%,-60.0%,1.00,3990.75,3986.25,,1,0,00:02:03
[Sim]F.US.MESH23,Long,2023-01-25  15:41:05.512 BP,2023-01-25  15:42:28.569 EP,3992.75,3990.25,1,1,1,-13.50,-413.25,-13.50 F,8.75,-12.50,8.75,-12.50,100.0%,-4.7%,-63.5%,1.00,3994.50,3990.25,,1,0,00:01:23
[Sim]F.US.MESH23,Long,2023-01-25  15:42:51.447 BP,2023-01-25  15:43:32.047 EP,3991.75,3989.25,1,1,1,-13.50,-426.75,-13.50 F,2.50,-12.50,2.50,-12.50,100.0%,-6.7%,-90.0%,1.00,3992.25,3989.25,,1,0,00:00:40
[Sim]F.US.MESH23,Long,2023-01-25  15:43:44.402 BP,2023-01-25  15:44:02.174 EP,3990.25,3987.75,1,1,1,-13.50,-440.25,-13.50 F,0.00,-12.50,0.00,-12.50,100.0%,-8.0%,-108.0%,1.00,3990.25,3987.75,,1,0,00:00:17
[Sim]F.US.MESH23,Long,2023-01-25  15:44:09.787 BP,2023-01-25  15:45:06.693 EP,3989.00,3987.25,1,1,1,-9.75,-450.00,-9.75 F,12.50,-8.75,12.50,-8.75,100.0%,-4.7%,-45.9%,1.00,3991.50,3987.25,,1,0,00:00:56
[Sim]F.US.MESH23,Short,2023-01-25  15:45:10.449 BP,2023-01-25  15:45:17.952 EP,3986.75,3987.75,1,1,1,-6.00,-456.00,-6.00 F,3.75,-5.00,3.75,-5.00,100.0%,-11.4%,-68.6%,1.00,3987.75,3986.00,,1,0,00:00:07
[Sim]F.US.MESH23,Short,2023-01-25  15:45:46.784 BP,2023-01-25  15:54:41.564 EP,3988.25,3978.00,1,1,1,50.25,-405.75,50.25 F,61.25,-8.75,61.25,-8.75,100.0%,84.3%,71.8%,1.00,3990.00,3976.00,,1,0,00:08:54
[Sim]F.US.MESH23,Short,2023-01-25  15:56:20.680 BP,2023-01-25  15:58:11.270 EP,3976.50,3973.00,1,1,1,16.50,-389.25,16.50 F,27.50,-3.75,27.50,-3.75,100.0%,64.8%,52.8%,1.00,3977.25,3971.00,,1,0,00:01:50
[Sim]F.US.MESH23,Short,2023-01-25  16:07:20.847 BP,2023-01-25  16:15:17.017 EP,3984.75,3976.25,1,1,1,41.50,-347.75,41.50 F,51.25,-5.00,51.25,-5.00,100.0%,82.7%,73.8%,1.00,3985.75,3974.50,,1,0,00:07:56
[Sim]F.US.MESH23,Short,2023-01-25  16:15:42.961 BP,2023-01-25  16:16:02.068 EP,3974.00,3974.75,1,1,1,-4.75,-352.50,-4.75 F,5.00,-3.75,5.00,-3.75,100.0%,-11.4%,-54.3%,1.00,3974.75,3973.00,,1,0,00:00:19
[Sim]F.US.MESH23,Short,2023-01-25  16:16:53.292 BP,2023-01-25  16:17:03.021 EP,3974.50,3976.00,1,1,1,-8.50,-361.00,-8.50 F,0.00,-7.50,0.00,-7.50,100.0%,-13.3%,-113.3%,1.00,3976.00,3974.50,,1,0,00:00:09
[Sim]F.US.MESH23,Long,2023-01-25  16:22:07.652 BP,2023-01-25  16:22:16.117 EP,3976.25,3973.75,1,1,1,-13.50,-374.50,-13.50 F,0.00,-12.50,0.00,-12.50,100.0%,-8.0%,-108.0%,1.00,3976.25,3973.75,,1,0,00:00:08
[Sim]F.US.MESH23,Short,2023-01-25  16:24:47.440 BP,2023-01-25  16:25:19.121 EP,3972.75,3975.25,1,1,1,-13.50,-388.00,-13.50 F,5.00,-12.50,5.00,-12.50,100.0%,-5.7%,-77.1%,1.00,3975.25,3971.75,,1,0,00:00:31
[Sim]F.US.MESH23,Short,2023-01-25  16:25:39.070 BP,2023-01-25  16:26:38.892 EP,3973.75,3976.25,1,1,1,-13.50,-401.50,-13.50 F,3.75,-12.50,3.75,-12.50,100.0%,-6.2%,-83.1%,1.00,3976.25,3973.00,,1,0,00:00:59
[Sim]F.US.MESH23,Long,2023-01-25  16:31:11.094 BP,2023-01-25  16:32:00.671 EP,3981.00,3978.50,1,1,1,-13.50,-415.00,-13.50 F,3.75,-12.50,3.75,-12.50,100.0%,-6.2%,-83.1%,1.00,3981.75,3978.50,,1,0,00:00:49
[Sim]F.US.MESH23,Long,2023-01-25  16:32:53.663 BP,2023-01-25  16:33:10.828 EP,3975.50,3973.00,1,1,1,-13.50,-428.50,-13.50 F,0.00,-12.50,0.00,-12.50,100.0%,-8.0%,-108.0%,1.00,3975.50,3973.00,,1,0,00:00:17
[Sim]F.US.MESH23,Short,2023-01-25  16:34:26.739 BP,2023-01-25  16:35:34.334 EP,3971.00,3973.25,1,1,1,-12.25,-440.75,-12.25 F,10.00,-11.25,10.00,-11.25,100.0%,-4.7%,-57.6%,1.00,3973.25,3969.00,,1,0,00:01:07
[Sim]F.US.MESH23,Short,2023-01-25  16:35:49.698 BP,2023-01-25  16:40:41.596 EP,3974.00,3965.75,1,1,1,40.25,-400.50,40.25 F,53.75,-2.50,53.75,-2.50,100.0%,76.0%,71.6%,1.00,3974.50,3963.25,,1,0,00:04:51
[Sim]F.US.MESH23,Short,2023-01-25  16:44:19.737 BP,2023-01-25  16:45:50.922 EP,3970.50,3973.00,1,1,1,-13.50,-414.00,-13.50 F,5.00,-13.75,5.00,-13.75,100.0%,1.3%,-72.0%,1.00,3973.25,3969.50,,1,0,00:01:31
[Sim]F.US.MESH23,Long,2023-01-25  16:47:13.139 BP,2023-01-25  16:47:44.996 EP,3974.25,3971.75,1,1,1,-13.50,-427.50,-13.50 F,0.00,-12.50,0.00,-12.50,100.0%,-8.0%,-108.0%,1.00,3974.25,3971.75,,1,0,00:00:31
[Sim]F.US.MESH23,Long,2023-01-25  16:48:19.968 BP,2023-01-25  16:50:00.950 EP,3972.75,3970.25,1,1,1,-13.50,-441.00,-13.50 F,6.25,-12.50,6.25,-12.50,100.0%,-5.3%,-72.0%,1.00,3974.00,3970.25,,1,0,00:01:40
[Sim]F.US.MESH23,Short,2023-01-25  16:51:27.574 BP,2023-01-25  16:53:02.438 EP,3967.25,3969.75,1,1,1,-13.50,-454.50,-13.50 F,3.75,-12.50,3.75,-12.50,100.0%,-6.2%,-83.1%,1.00,3969.75,3966.50,,1,0,00:01:34
[Sim]F.US.MESH23,Short,2023-01-25  16:53:36.722 BP,2023-01-25  16:55:22.488 EP,3969.25,3971.75,1,1,1,-13.50,-468.00,-13.50 F,0.00,-13.75,0.00,-13.75,100.0%,1.8%,-98.2%,1.00,3972.00,3969.25,,1,0,00:01:45
[Sim]F.US.MESH23,Long,2023-01-25  16:56:34.193 BP,2023-01-25  17:03:42.388 EP,3974.00,3976.50,1,1,1,11.50,-456.50,11.50 F,28.75,-1.25,28.75,-1.25,100.0%,42.5%,38.3%,1.00,3979.75,3973.75,,1,0,00:07:08
[Sim]F.US.MESH23,Short,2023-01-25  17:16:35.006 BP,2023-01-25  17:19:37.981 EP,3981.50,3984.00,1,1,1,-13.50,-470.00,-13.50 F,10.00,-21.25,10.00,-21.25,100.0%,24.8%,-43.2%,1.00,3985.75,3979.50,,1,0,00:03:02
[Sim]F.US.MESH23,Long,2023-01-25  17:19:50.667 BP,2023-01-25  17:20:12.988 EP,3987.50,3985.00,1,1,1,-13.50,-483.50,-13.50 F,5.00,-12.50,5.00,-12.50,100.0%,-5.7%,-77.1%,1.00,3988.50,3985.00,,1,0,00:00:22
[Sim]F.US.MESH23,Long,2023-01-25  17:20:29.748 BP,2023-01-25  17:25:28.060 EP,3986.00,3987.25,1,1,1,5.25,-478.25,5.25 F,32.50,0.00,32.50,0.00,100.0%,16.2%,16.2%,1.00,3992.50,3986.00,,1,0,00:04:58
[Sim]F.US.MESH23,Long,2023-01-25  17:27:06.800 BP,2023-01-25  17:52:36.877 EP,3989.25,3999.75,1,1,1,51.50,-426.75,51.50 F,61.25,-7.50,61.25,-7.50,100.0%,85.8%,74.9%,1.00,4001.50,3987.75,,1,0,00:25:30
[Sim]F.US.MESH23,Long,2023-01-26  15:32:21.007 BP,2023-01-26  15:33:48.879 EP,4065.00,4062.50,1,1,1,-13.50,-440.25,-13.50 F,10.00,-13.75,10.00,-13.75,100.0%,1.1%,-56.8%,1.00,4067.00,4062.25,,1,0,00:01:27
[Sim]F.US.MESH23,Long,2023-01-26  15:34:51.159 BP,2023-01-26  15:43:32.582 EP,4060.00,4058.00,1,1,1,-11.00,-451.25,-11.00 F,41.25,-15.00,41.25,-15.00,100.0%,7.1%,-19.6%,1.00,4068.25,4057.00,,1,0,00:08:41
[Sim]F.US.MESH23,Short,2023-01-26  15:43:46.852 BP,2023-01-26  15:52:32.824 EP,4056.50,4043.75,1,1,1,62.75,-388.50,62.75 F,83.75,-6.25,83.75,-6.25,100.0%,76.7%,69.7%,1.00,4057.75,4039.75,,1,0,00:08:45
[Sim]F.US.MESH23,Short,2023-01-26  16:01:00.315 BP,2023-01-26  16:01:20.715 EP,4039.50,4042.00,1,1,1,-13.50,-402.00,-13.50 F,3.75,-12.50,3.75,-12.50,100.0%,-6.2%,-83.1%,1.00,4042.00,4038.75,,1,0,00:00:20
[Sim]F.US.MESH23,Short,2023-01-26  16:07:35.839 BP,2023-01-26  16:08:38.936 EP,4038.75,4041.25,1,1,1,-13.50,-415.50,-13.50 F,11.25,-12.50,11.25,-12.50,100.0%,-4.2%,-56.8%,1.00,4041.25,4036.50,,1,0,00:01:03
[Sim]F.US.MESH23,Short,2023-01-26  16:24:18.052 BP,2023-01-26  16:31:33.191 EP,4058.00,4051.50,1,1,1,31.50,-384.00,31.50 F,41.25,-10.00,41.25,-10.00,100.0%,81.0%,61.5%,1.00,4060.00,4049.75,,1,0,00:07:15
[Sim]F.US.MESH23,Short,2023-01-26  16:35:07.494 BP,2023-01-26  16:39:04.026 EP,4057.75,4047.00,1,1,1,52.75,-331.25,52.75 F,68.75,-1.25,68.75,-1.25,100.0%,77.1%,75.4%,1.00,4058.00,4044.00,,1,0,00:03:56
[Sim]F.US.MESH23,Short,2023-01-26  16:54:29.612 BP,2023-01-26  17:00:56.472 EP,4034.25,4031.00,1,1,1,15.25,-316.00,15.25 F,32.50,-5.00,32.50,-5.00,100.0%,54.0%,40.7%,1.00,4035.25,4027.75,,1,0,00:06:26
[Sim]F.US.MESH23,Short,2023-01-30  15:46:30.826 BP,2023-01-30  15:46:45.365 EP,4066.25,4068.75,1,1,1,-13.50,-329.50,-13.50 F,0.00,-13.75,0.00,-13.75,100.0%,1.8%,-98.2%,1.00,4069.00,4066.25,,1,0,00:00:14
[Sim]F.US.MESH23,Long,2023-01-30  15:50:12.172 BP,2023-01-30  15:50:54.572 EP,4070.25,4067.75,1,1,1,-13.50,-343.00,-13.50 F,6.25,-12.50,6.25,-12.50,100.0%,-5.3%,-72.0%,1.00,4071.50,4067.75,,1,0,00:00:42
[Sim]F.US.MESH23,Short,2023-01-30  15:54:49.833 BP,2023-01-30  15:56:08.028 EP,4062.75,4065.25,1,1,1,-13.50,-356.50,-13.50 F,16.25,-13.75,16.25,-13.75,100.0%,0.8%,-45.0%,1.00,4065.50,4059.50,,1,0,00:01:18
[Sim]F.US.MESH23,Short,2023-01-30  15:56:47.597 BP,2023-01-30  15:57:07.308 EP,4066.50,4069.00,1,1,1,-13.50,-370.00,-13.50 F,0.00,-12.50,0.00,-12.50,100.0%,-8.0%,-108.0%,1.00,4069.00,4066.50,,1,0,00:00:19
[Sim]F.US.MESH23,Short,2023-01-30  15:57:19.637 BP,2023-01-30  15:59:31.884 EP,4068.25,4070.75,1,1,1,-13.50,-383.50,-13.50 F,2.50,-12.50,2.50,-12.50,100.0%,-6.7%,-90.0%,1.00,4070.75,4067.75,,1,0,00:02:12
[Sim]F.US.MESH23,Long,2023-01-30  16:02:03.087 BP,2023-01-30  16:13:51.274 EP,4074.25,4071.75,1,1,1,-13.50,-397.00,-13.50 F,17.50,-12.50,17.50,-12.50,100.0%,-3.3%,-45.0%,1.00,4077.75,4071.75,,1,0,00:11:48
[Sim]F.US.MESH23,Short,2023-01-30  16:14:22.169 BP,2023-01-30  16:15:24.860 EP,4071.25,4073.75,1,1,1,-13.50,-410.50,-13.50 F,1.25,-12.50,1.25,-12.50,100.0%,-7.3%,-98.2%,1.00,4073.75,4071.00,,1,0,00:01:02
[Sim]F.US.MESH23,Short,2023-01-30  16:15:53.081 BP,2023-01-30  16:50:21.982 EP,4070.00,4052.50,1,1,1,86.50,-324.00,86.50 F,122.50,-3.75,122.50,-3.75,100.0%,71.5%,68.5%,1.00,4070.75,4045.50,,1,0,00:34:28
[Sim]F.US.MESH23,Short,2023-01-30  16:53:28.519 BP,2023-01-30  16:55:34.384 EP,4049.50,4052.00,1,1,1,-13.50,-337.50,-13.50 F,10.00,-12.50,10.00,-12.50,100.0%,-4.4%,-60.0%,1.00,4052.00,4047.50,,1,0,00:02:05
[Sim]F.US.MESH23,Long,2023-01-30  17:00:35.015 BP,2023-01-30  17:02:22.461 EP,4057.00,4054.75,1,1,1,-12.25,-349.75,-12.25 F,3.75,-11.25,3.75,-11.25,100.0%,-6.7%,-81.7%,1.00,4057.75,4054.75,,1,0,00:01:47
[Sim]F.US.MESH23,Long,2023-01-30  17:02:51.482 BP,2023-01-30  17:04:21.465 EP,4057.50,4055.00,1,1,1,-13.50,-363.25,-13.50 F,3.75,-12.50,3.75,-12.50,100.0%,-6.2%,-83.1%,1.00,4058.25,4055.00,,1,0,00:01:29
[Sim]F.US.MESH23,Long,2023-01-30  17:06:16.628 BP,2023-01-30  17:07:19.305 EP,4055.75,4053.25,1,1,1,-13.50,-376.75,-13.50 F,1.25,-12.50,1.25,-12.50,100.0%,-7.3%,-98.2%,1.00,4056.00,4053.25,,1,0,00:01:02
[Sim]F.US.MESH23,Short,2023-01-30  17:07:21.881 BP,2023-01-30  17:09:51.722 EP,4053.00,4055.50,1,1,1,-13.50,-390.25,-13.50 F,3.75,-12.50,3.75,-12.50,100.0%,-6.2%,-83.1%,1.00,4055.50,4052.25,,1,0,00:02:29
[Sim]F.US.MESH23,Long,2023-01-30  17:10:54.366 BP,2023-01-30  17:25:36.316 EP,4058.00,4055.75,1,1,1,-12.25,-402.50,-12.25 F,36.25,-11.25,36.25,-11.25,100.0%,-2.1%,-25.8%,1.00,4065.25,4055.75,,1,0,00:14:41
[Sim]F.US.MESH23,Short,2023-01-30  17:26:13.890 BP,2023-01-30  17:28:02.801 EP,4054.50,4056.75,1,1,1,-12.25,-414.75,-12.25 F,3.75,-11.25,3.75,-11.25,100.0%,-6.7%,-81.7%,1.00,4056.75,4053.75,,1,0,00:01:48
[Sim]F.US.MESH23,Short,2023-01-31  15:31:31.775 BP,2023-01-31  15:32:20.251 EP,4040.50,4042.75,1,1,1,-12.25,-427.00,-12.25 F,13.75,-11.25,13.75,-11.25,100.0%,-4.0%,-49.0%,1.00,4042.75,4037.75,,1,0,00:00:48
[Sim]F.US.MESH23,Short,2023-01-31  15:33:36.928 BP,2023-01-31  15:34:19.303 EP,4041.50,4044.00,1,1,1,-13.50,-440.50,-13.50 F,5.00,-12.50,5.00,-12.50,100.0%,-5.7%,-77.1%,1.00,4044.00,4040.50,,1,0,00:00:42
[Sim]F.US.MESH23,Long,2023-01-31  15:34:44.651 BP,2023-01-31  15:34:59.387 EP,4044.50,4042.25,1,1,1,-12.25,-452.75,-12.25 F,0.00,-11.25,0.00,-11.25,100.0%,-8.9%,-108.9%,1.00,4044.50,4042.25,,1,0,00:00:14
[Sim]F.US.MESH23,Short,2023-01-31  15:41:29.903 BP,2023-01-31  15:41:51.182 EP,4041.75,4044.25,1,1,1,-13.50,-466.25,-13.50 F,1.25,-12.50,1.25,-12.50,100.0%,-7.3%,-98.2%,1.00,4044.25,4041.50,,1,0,00:00:21
[Sim]F.US.MESH23,Short,2023-01-31  15:42:22.385 BP,2023-01-31  15:43:24.314 EP,4042.25,4044.75,1,1,1,-13.50,-479.75,-13.50 F,8.75,-12.50,8.75,-12.50,100.0%,-4.7%,-63.5%,1.00,4044.75,4040.50,,1,0,00:01:01
[Sim]F.US.MESH23,Short,2023-01-31  15:45:49.259 BP,2023-01-31  15:46:02.914 EP,4040.75,4043.25,1,1,1,-13.50,-493.25,-13.50 F,0.00,-12.50,0.00,-12.50,100.0%,-8.0%,-108.0%,1.00,4043.25,4040.75,,1,0,00:00:13
[Sim]F.US.MESH23,Short,2023-01-31  15:46:12.861 BP,2023-01-31  15:48:30.030 EP,4043.25,4045.75,1,1,1,-13.50,-506.75,-13.50 F,20.00,-13.75,20.00,-13.75,100.0%,0.7%,-40.0%,1.00,4046.00,4039.25,,1,0,00:02:17
[Sim]F.US.MESH23,Short,2023-01-31  15:48:43.745 BP,2023-01-31  15:49:15.723 EP,4045.25,4047.75,1,1,1,-13.50,-520.25,-13.50 F,0.00,-12.50,0.00,-12.50,100.0%,-8.0%,-108.0%,1.00,4047.75,4045.25,,1,0,00:00:31
[Sim]F.US.MESH23,Short,2023-01-31  15:49:22.973 BP,2023-01-31  15:49:25.312 EP,4045.50,4046.25,1,1,1,-4.75,-525.00,-4.75 F,2.50,-3.75,2.50,-3.75,100.0%,-16.0%,-76.0%,1.00,4046.25,4045.00,,1,0,00:00:02
[Sim]F.US.MESH23,Short,2023-01-31  15:49:30.131 BP,2023-01-31  15:50:09.882 EP,4046.50,4048.50,1,1,1,-11.00,-536.00,-11.00 F,2.50,-10.00,2.50,-10.00,100.0%,-8.0%,-88.0%,1.00,4048.50,4046.00,,1,0,00:00:39
[Sim]F.US.MESH23,Long,2023-01-31  15:51:38.469 BP,2023-01-31  15:52:06.647 EP,4044.75,4042.25,1,1,1,-13.50,-549.50,-13.50 F,2.50,-13.75,2.50,-13.75,100.0%,1.5%,-83.1%,1.00,4045.25,4042.00,,1,0,00:00:28
[Sim]F.US.MESH23,Short,2023-01-31  15:52:08.997 BP,2023-01-31  15:53:04.904 EP,4043.00,4045.00,1,1,1,-11.00,-560.50,-11.00 F,2.50,-12.50,2.50,-12.50,100.0%,10.0%,-73.3%,1.00,4045.50,4042.50,,1,0,00:00:55
[Sim]F.US.MESH23,Short,2023-01-31  15:53:34.844 BP,2023-01-31  15:53:51.670 EP,4044.25,4046.75,1,1,1,-13.50,-574.00,-13.50 F,1.25,-12.50,1.25,-12.50,100.0%,-7.3%,-98.2%,1.00,4046.75,4044.00,,1,0,00:00:16
[Sim]F.US.MESH23,Short,2023-01-31  15:53:56.022 BP,2023-01-31  15:55:37.945 EP,4044.75,4047.25,1,1,1,-13.50,-587.50,-13.50 F,10.00,-12.50,10.00,-12.50,100.0%,-4.4%,-60.0%,1.00,4047.25,4042.75,,1,0,00:01:41
[Sim]F.US.MESH23,Long,2023-01-31  15:56:44.053 BP,2023-01-31  15:57:32.022 EP,4046.25,4043.75,1,1,1,-13.50,-601.00,-13.50 F,1.25,-13.75,1.25,-13.75,100.0%,1.7%,-90.0%,1.00,4046.50,4043.50,,1,0,00:00:47
[Sim]F.US.MESH23,Short,2023-01-31  15:58:12.151 BP,2023-01-31  16:01:53.267 EP,4042.00,4039.75,1,1,1,10.25,-590.75,10.25 F,32.50,-6.25,32.50,-6.25,100.0%,42.6%,26.5%,1.00,4043.25,4035.50,,1,0,00:03:41
[Sim]F.US.MESH23,Long,2023-01-31  16:03:57.478 BP,2023-01-31  16:08:05.871 EP,4039.00,4043.75,1,1,1,22.75,-568.00,22.75 F,42.50,-8.75,42.50,-8.75,100.0%,61.5%,44.4%,1.00,4047.50,4037.25,,1,0,00:04:08
[Sim]F.US.MESH23,Short,2023-01-31  16:09:08.090 BP,2023-01-31  16:10:10.963 EP,4042.25,4037.00,1,1,1,25.25,-542.75,25.25 F,41.25,0.00,41.25,0.00,100.0%,61.2%,61.2%,1.00,4042.25,4034.00,,1,0,00:01:02
[Sim]F.US.MESH23,Short,2023-01-31  16:10:52.485 BP,2023-01-31  16:11:26.126 EP,4037.50,4040.00,1,1,1,-13.50,-556.25,-13.50 F,6.25,-12.50,6.25,-12.50,100.0%,-5.3%,-72.0%,1.00,4040.00,4036.25,,1,0,00:00:33
[Sim]F.US.MESH23,Short,2023-01-31  16:13:23.203 BP,2023-01-31  16:13:39.221 EP,4043.25,4045.50,1,1,1,-12.25,-568.50,-12.25 F,1.25,-13.75,1.25,-13.75,100.0%,10.0%,-81.7%,1.00,4046.00,4043.00,,1,0,00:00:16
[Sim]F.US.MESH23,Short,2023-01-31  16:13:58.302 BP,2023-01-31  16:14:46.557 EP,4044.25,4046.75,1,1,1,-13.50,-582.00,-13.50 F,2.50,-12.50,2.50,-12.50,100.0%,-6.7%,-90.0%,1.00,4046.75,4043.75,,1,0,00:00:48
[Sim]F.US.MESH23,Long,2023-01-31  16:15:22.125 BP,2023-01-31  16:16:41.246 EP,4047.75,4045.25,1,1,1,-13.50,-595.50,-13.50 F,8.75,-12.50,8.75,-12.50,100.0%,-4.7%,-63.5%,1.00,4049.50,4045.25,,1,0,00:01:19
[Sim]F.US.MESH23,Long,2023-01-31  16:16:55.119 BP,2023-01-31  16:26:17.083 EP,4047.50,4045.25,1,1,1,-12.25,-607.75,-12.25 F,21.25,-11.25,21.25,-11.25,100.0%,-3.1%,-37.7%,1.00,4051.75,4045.25,,1,0,00:09:21
[Sim]F.US.MESH23,Short,2023-01-31  16:29:05.060 BP,2023-01-31  16:29:22.184 EP,4048.75,4051.25,1,1,1,-13.50,-621.25,-13.50 F,0.00,-12.50,0.00,-12.50,100.0%,-8.0%,-108.0%,1.00,4051.25,4048.75,,1,0,00:00:17
[Sim]F.US.MESH23,Long,2023-01-31  16:29:32.649 BP,2023-01-31  16:39:01.640 EP,4053.50,4051.00,1,1,1,-13.50,-634.75,-13.50 F,11.25,-12.50,11.25,-12.50,100.0%,-4.2%,-56.8%,1.00,4055.75,4051.00,,1,0,00:09:28
[Sim]F.US.MESH23,Short,2023-01-31  16:47:11.745 BP,2023-01-31  16:48:11.635 EP,4054.50,4057.00,1,1,1,-13.50,-648.25,-13.50 F,1.25,-12.50,1.25,-12.50,100.0%,-7.3%,-98.2%,1.00,4057.00,4054.25,,1,0,00:00:59
[Sim]F.US.MESH23,Short,2023-01-31  16:49:07.824 BP,2023-01-31  16:50:10.693 EP,4054.25,4056.75,1,1,1,-13.50,-661.75,-13.50 F,3.75,-15.00,3.75,-15.00,100.0%,8.0%,-72.0%,1.00,4057.25,4053.50,,1,0,00:01:02
[Sim]F.US.MESH23,Long,2023-01-31  16:50:36.049 BP,2023-01-31  16:51:25.523 EP,4058.25,4055.75,1,1,1,-13.50,-675.25,-13.50 F,6.25,-12.50,6.25,-12.50,100.0%,-5.3%,-72.0%,1.00,4059.50,4055.75,,1,0,00:00:49
[Sim]F.US.MESH23,Long,2023-01-31  16:55:04.869 BP,2023-01-31  17:01:32.120 EP,4053.00,4057.75,1,1,1,22.75,-652.50,22.75 F,32.50,-1.25,32.50,-1.25,100.0%,71.1%,67.4%,1.00,4059.50,4052.75,,1,0,00:06:27
[Sim]F.US.MESH23,Long,2023-01-31  17:02:20.291 BP,2023-01-31  17:03:44.830 EP,4060.50,4058.00,1,1,1,-13.50,-666.00,-13.50 F,2.50,-12.50,2.50,-12.50,100.0%,-6.7%,-90.0%,1.00,4061.00,4058.00,,1,0,00:01:24
